1,Admin,2022-12-29 14:47:00+00,29d0341885f80a7d3a5a8189f73543a1,5c026f49e314877d59903d422ac7c8ee3edf8e6a053f4d882301d1ebd025d2d12011488f8041ce9107207dc5377ae3017f49a7ee10ad545e66686a650987ab24
3,Mattie Donaldson,2022-12-29 14:47:02+00,cf42a1c348c3c375dcaee0799a1e2082,9ce337140c8f0a04c54dbdf580002ddca6aa2da83c42ead79c43281e5cfeeda6087a1efb7a352415e32e781c69c1f89196ad984247a5a3bf3f6a567a97c9777f
4,Anna Khan,2022-12-29 14:47:03+00,85a7ee03b106532b277e013968d96f2a,4020eac0ff5e37693332837e1e0c2907345ec8db86410b0be746cbab694f5e0f540a1cc83fb68b3cc5586b2fbd1888a3a094b1a7cd6bfe8829ffd862e70a11bc
5,Adyson Klein,2022-12-29 14:47:04+00,3049d2756d27e06e73b0fc5fef2ea7bf,2282e18712e2608cf6ff3e9614e7f78d560a97105dabe81fe2d04b2470b7635ceac6a1d0f24eae09a9b83b8febd697a29c8dc24f19cf05c223575201155f3cd8
6,Devin Lambert,2022-12-29 14:47:05+00,d9038ba53cd3b9dcb421f037b257f47d,ceb455f79896881c56eff605d2990b336c7710dfc7682c83005d68d20238f6bd019fbbadbf2729a632994c090db672b75414fcb30bddc8b6c9d1b2822b68cdc0
7,Russell Hughes,2022-12-29 14:47:06+00,8b350a489753f42749164af437820c42,f97594325739c1afe50a713a87fc0c83a4bbdb035c7f30aefcd8a5b3c27ea5efe2bf337e0bc2ae676652dd9024d56fcb4f119b2a19d7ca75a28f182bd3d34202
8,Janiah Peters,2022-12-29 14:47:07+00,c8fbce38177412db3b1e1c111d5187b0,32cf20a6a6e7ac1b287260e67be42e22e74e56fda6295a6b28e98baa88eda4c6ba17439f16a6d462f8fce13de6bab015dbb7c5262ce415c3fc1ce50b05632a9a
9,Dominique Patton,2022-12-29 14:47:08+00,a8b75dd7956c1d107abf283e38c4154f,b6f4c9df9e42a303a32eeae921ef595a8775d20d9359bb341d5b772e4fc035a8ce6269bfe2a87c7055639b8122539a888c949acf59c637711ad1ca5c2c5b68f5
10,Ashtyn Burgess,2022-12-29 14:47:09+00,bcb465032aa71f1b4d53f36e2f07509e,9b7c4dcfa6ef665e1f2ce088a266727c52e1b16d27d1d6e6c848314741e155bead0467e88f14b62e12d993d8db5b2f0ef137357a9c5a35bb123fbd319fcd0b95
11,Amari Solomon,2022-12-29 14:47:10+00,672e83f7d5a35b85fa00a7ae914c99e1,2660b804c40b6e1acf60360ae3f906ff5e3e45805c6269255653e385335b3efaecd5a99fdeff23501f4bac1fcdea31745a176ba9cb1fbd6e69ea1600d3d33a16
12,Yasmine Malone,2022-12-29 14:47:11+00,db151415a39595adc523a0d6f79b7ecf,81405eb1272ac5891d56ea66ff14425e3b2cbe720147764dd6d6d6ebf665e43bf42f0d918a6f9b844165fe500fae26ab852255e113076110a67babc1f0fdef59
13,Alijah Baird,2022-12-29 14:47:12+00,4bf4e7f0e1804781047f8cb1ee506f58,b3a511047781b3c389bc822669761fb427fcb87b229debfa1c5a5b828a1fc25262f83d616e8e70ef6f141fedce201798a85ecedfc72ae1a59d411de9e15fb1c3
14,Kali Hopkins,2022-12-29 14:47:13+00,302138b052243f6c191b611138809f54,9c1d7f04dde54aa6d4641afbcad56a2a85a27502bbfe07151d9a00c3e96841b297a76f6dfaf09561bae28c81be3f961ed981add9463eaa45ee2b09772f4a49a9
15,Luna Ellis,2022-12-29 14:47:14+00,425edce5981047bcabb147b7eea30df1,47240f9974e2ff74467149e2ac7bbda1d2b325b72e6af97f8a58b303dec8a007b986059775f814e9b94dd3eee2edca07fc278c23117bb134ca49b8893087edfe
16,Milagros Nelson,2022-12-29 14:47:15+00,c9c2647a8e4695eaaf2cfd3f00ab83aa,7a991ead4024dce1058a808a7e6319d30547714d88e13f9406b7321ec47b158ef5bbb12bb9653018479c4b45b67b0d6f33081b138e7ea97d7fdfd79e9800b5ef
17,Ryleigh Prince,2022-12-29 14:47:16+00,1567068172cb794ddcda8b95a304ce23,4d4b2360928ffb20bcbb514459dcaeb94a4805654e163ec39806eb29b1d65a506d68f64fa149353ec3ca00e2320a626ab8b6637080f4251ffdbf67f64617aefe
18,Soren Prince,2022-12-29 14:47:17+00,f414d4ce2018f4153ac66ac8e8d1c905,67def4787324b33f236f042495071c86557828a7089cbec720b5c60270e3ca3cca402760873e692ae06b60bccd6b78d9d814052cb86ac8edf2bfe177afc6246d
19,Ali Jarvis,2022-12-29 14:47:18+00,3c93425cb276cf79758cd72f2c82128c,f8e20e5c77ec014b64f89fd6d06ba1a66e243b7c04011bf12ffcbb220dfee3611df26e3b65ac1a36fb07ccf22ae2f65dd1620f2867c288d7eba43c735163b47b
20,Damaris Yates,2022-12-29 14:47:19+00,1a35a17ca0c4e6c0562e56fd46ec47dc,9b7ae59e24ff43b51b15f9f0d7d9a9306481a3568563c933459287a050292b0c7a7d622ffe14ab5580badac0abee3de72835d7d102ffe95bc6a6378038315793
21,Zaria Cooley,2022-12-29 14:47:20+00,bf7372703a4b674d3bcec3351e36c892,57ea19b619e68e177ec0680fb32ee229823fe8693beb189e1171cc2fc6fa5bf83d8996ec11df56ddfb90e4df6486035e7d4e8b2c2879b8494655e9f39d775a45
22,Kianna Hubbard,2023-01-15 08:10:23+00,986b8bae4a4a5e5ecdae002110677b4c,97dfc06fcb027dbf2c40a0200bb13d0709f9ddfaf2164228bf42c63cc637ed0790284f26c42cf52b750fadb0f1111b4397f43ad3ef51018195b9ca5c72eb5e5f
2,Jing Sheng,2022-12-29 14:47:01+00,ba6fe3c3d1e45f06761d5b1ade5128c3,910e527641da21a7acf1e93132a00d4b455c004e825c2c688625aab882e7431c6c9648790280be18f306300302bce57881e3d08a112566ed6f88eaa4712596d1
23,Sunshine,2023-01-24 06:09:03+00,fabd2ed6d92451b034b832fc7bd758d9,ab84b207734a0335a28fe55642af440124c9848bf8e37f41f6c667ddea823097a7485a05e1e5b691dac458dcf9911d3f8d0947a37d3492ca6de143c212976e6d
24,Lelolelo,2023-01-24 07:11:04+00,319bdf29b34e89f0b0004c53e4efcd0f,de93efbf8593f346ed3132cf2de2bf454c6b31072a25496a33887dd47b07c43e75e8f726bb87cf72255c76df75c8330cb930973df166bc03d49dfb5378a0a8cd
25,Bobby Lee,2023-01-24 13:47:43+00,96a225fd4ec211f947333b78e6309f77,4897bd0cc316abf1774fde3473ffdda2d0d48e1aa001b802b20be189e755b14827c61a1f3219fc1e505add488d64ebaede4fd18244ee5d8fe2cff7e759f71c7f
26,Bryan,2023-01-24 16:35:05+00,b8bdc396ee4b6670885d016dee9a67da,4a13d00108286ae1f12a78302a09f02b404f02b5e0b2feeb43e3d269182145fe42988362fa79bd89b7a329a83f6be90c21e724f690ba4abfca8b7bbb24bf093f
28,Jingyu,2023-01-25 08:34:56+00,1c2e68b6d789d3bfa121c12ac5d99849,8e5fe05f1f3b5eb493fa67033c520fb148dce5df1440d3e1276d651a8605257503fa9457c40db3d98721ef0bd9c53889e1a1bbaac202717b7df4ebb54f5aea51
29,Jeffrey,2023-01-25 09:11:17+00,025d673c6365ecbf8f9b16d64bc3c63a,a36ce26408d72c84750cf42235eb6c23cf9708b0febba4f8d5d7a6edb7dd5abd570a666549a5c1c99c19b7adfe67f26301f87a81b714af450c3204f5fa74baf2
